{
	"IcoMoonType": "selection",
	"icons": [
		{
			"icon": {
				"paths": [
					"M192 128l640 384-640 384z"
				],
				"tags": [
					"play",
					"media control",
					"audio"
				],
				"grid": 16
			},
			"properties": {
				"id": 266,
				"order": 2,
				"prevSize": 32,
				"code": 58880,
				"name": "play",
				"ligatures": ""
			},
			"setIdx": 0,
			"iconIdx": 0
		},
		{
			"icon": {
				"paths": [
					"M128 128h320v768h-320zM576 128h320v768h-320z"
				],
				"tags": [
					"pause",
					"media control",
					"audio"
				],
				"grid": 16
			},
			"properties": {
				"id": 267,
				"order": 1,
				"prevSize": 32,
				"code": 58881,
				"name": "pause",
				"ligatures": ""
			},
			"setIdx": 0,
			"iconIdx": 1
		},
		{
			"icon": {
				"paths": [
					"M890.040 922.040c-12.286 0-24.568-4.686-33.942-14.058-18.744-18.746-18.744-49.136 0-67.882 87.638-87.642 135.904-204.16 135.904-328.1 0-123.938-48.266-240.458-135.904-328.098-18.744-18.746-18.744-49.138 0-67.882 18.744-18.744 49.138-18.744 67.882 0 105.77 105.772 164.022 246.4 164.022 395.98 0 149.582-58.252 290.208-164.022 395.98-9.372 9.374-21.656 14.060-33.94 14.060zM719.53 831.53c-12.286 0-24.568-4.686-33.942-14.058-18.744-18.744-18.744-49.136 0-67.882 131.006-131.006 131.006-344.17 0-475.176-18.744-18.746-18.744-49.138 0-67.882 18.744-18.742 49.138-18.744 67.882 0 81.594 81.592 126.53 190.076 126.53 305.468 0 115.39-44.936 223.876-126.53 305.47-9.372 9.374-21.656 14.060-33.94 14.060zM549.020 741.020c-12.286 0-24.568-4.686-33.942-14.058-18.746-18.746-18.746-49.136 0-67.882 81.1-81.1 81.1-213.058 0-294.156-18.746-18.746-18.746-49.138 0-67.882 18.746-18.744 49.136-18.744 67.882 0 118.53 118.53 118.53 311.392 0 429.922-9.372 9.37-21.656 14.056-33.94 14.056zM401.332 78.668c25.668-25.668 46.668-16.968 46.668 19.332v828c0 36.3-21 44.998-46.668 19.33l-241.332-241.33h-160v-384h160l241.332-241.332z"
				],
				"width": 1088,
				"tags": [
					"volume-high",
					"speaker",
					"media control",
					"audio"
				],
				"grid": 16
			},
			"properties": {
				"id": 276,
				"order": 4,
				"prevSize": 32,
				"code": 58882,
				"name": "volume-high",
				"ligatures": ""
			},
			"setIdx": 0,
			"iconIdx": 2
		},
		{
			"icon": {
				"paths": [
					"M401.332 78.668c25.668-25.668 46.668-16.968 46.668 19.332v828c0 36.3-21 44.998-46.668 19.33l-241.332-241.33h-160v-384h160l241.332-241.332zM960 619.148v84.852h-84.852l-107.148-107.148-107.148 107.148h-84.852v-84.852l107.148-107.148-107.148-107.148v-84.852h84.852l107.148 107.148 107.148-107.148h84.852v84.852l-107.148 107.148z"
				],
				"tags": [
					"volume-mute",
					"speaker",
					"media control",
					"audio",
					"mute"
				],
				"grid": 16
			},
			"properties": {
				"id": 280,
				"order": 3,
				"prevSize": 32,
				"code": 58883,
				"name": "volume-mute",
				"ligatures": ""
			},
			"setIdx": 0,
			"iconIdx": 3
		},
		{
			"icon": {
				"paths": [
					"M512.002 0l-512.002 512h320v511.998l384 0.002v-512h320z"
				],
				"tags": [
					"arrow-up",
					"upload",
					"top"
				],
				"grid": 16
			},
			"properties": {
				"id": 288,
				"order": 5,
				"prevSize": 32,
				"code": 58884,
				"name": "arrow-up",
				"ligatures": ""
			},
			"setIdx": 1,
			"iconIdx": 288
		}
	],
	"height": 1024,
	"metadata": {
		"name": "icomoon"
	},
	"preferences": {
		"fontPref": {
			"prefix": "icon-",
			"metadata": {
				"fontFamily": "icomoon",
				"majorVersion": 1,
				"minorVersion": 0
			},
			"showGlyphs": true,
			"metrics": {
				"emSize": 512,
				"baseline": 6.25,
				"whitespace": 50
			},
			"resetPoint": 58880,
			"showQuickUse": true,
			"quickUsageToken": false,
			"showMetrics": true,
			"showMetadata": false
		},
		"imagePref": {
			"color": 0,
			"height": 32,
			"columns": 16,
			"margin": 16,
			"png": false,
			"sprites": true
		},
		"historySize": 100,
		"showCodes": true,
		"gridSize": 16,
		"showLiga": false,
		"showGrid": true,
		"showGlyphs": true,
		"showQuickUse": true,
		"search": ""
	}
}